{
  "id": "1494625",
  "name": "piaoniu",
  "font_family": "iconfont",
  "css_prefix_text": "icon-",
  "description": "",
  "glyphs": [
    {
      "icon_id": "287175",
      "name": "搜索",
      "font_class": "sousuo",
      "unicode": "e634",
      "unicode_decimal": 58932
    },
    {
      "icon_id": "700050",
      "name": "写评论",
      "font_class": "bianji",
      "unicode": "e604",
      "unicode_decimal": 58884
    },
    {
      "icon_id": "816476",
      "name": "搜索",
      "font_class": "sousuo1",
      "unicode": "e638",
      "unicode_decimal": 58936
    },
    {
      "icon_id": "827650",
      "name": "评论",
      "font_class": "pinglun",
      "unicode": "e664",
      "unicode_decimal": 58980
    },
    {
      "icon_id": "966258",
      "name": "写笔记",
      "font_class": "xiebiji",
      "unicode": "e61e",
      "unicode_decimal": 58910
    },
    {
      "icon_id": "1026166",
      "name": "搜索",
      "font_class": "sousuo2",
      "unicode": "e628",
      "unicode_decimal": 58920
    },
    {
      "icon_id": "1164012",
      "name": "写微博",
      "font_class": "xieweibo",
      "unicode": "e671",
      "unicode_decimal": 58993
    },
    {
      "icon_id": "1287692",
      "name": "客服",
      "font_class": "kefu",
      "unicode": "e605",
      "unicode_decimal": 58885
    },
    {
      "icon_id": "1486847",
      "name": "用户",
      "font_class": "yonghu",
      "unicode": "e633",
      "unicode_decimal": 58931
    },
    {
      "icon_id": "1835217",
      "name": "赞",
      "font_class": "zan",
      "unicode": "e60d",
      "unicode_decimal": 58893
    },
    {
      "icon_id": "1859258",
      "name": "微博",
      "font_class": "unie61d",
      "unicode": "e600",
      "unicode_decimal": 58880
    },
    {
      "icon_id": "2091234",
      "name": "写文章",
      "font_class": "xiewenzhang",
      "unicode": "e629",
      "unicode_decimal": 58921
    },
    {
      "icon_id": "2291103",
      "name": "人",
      "font_class": "ren-copy-copy",
      "unicode": "e602",
      "unicode_decimal": 58882
    },
    {
      "icon_id": "2602775",
      "name": "写评论",
      "font_class": "xiepinglun",
      "unicode": "e60f",
      "unicode_decimal": 58895
    },
    {
      "icon_id": "3041005",
      "name": "写下",
      "font_class": "xiexia",
      "unicode": "e754",
      "unicode_decimal": 59220
    },
    {
      "icon_id": "3065594",
      "name": "星星-线",
      "font_class": "xing",
      "unicode": "e657",
      "unicode_decimal": 58967
    },
    {
      "icon_id": "3141341",
      "name": "省略号",
      "font_class": "shenglvehao",
      "unicode": "e639",
      "unicode_decimal": 58937
    },
    {
      "icon_id": "3496277",
      "name": "人",
      "font_class": "ren",
      "unicode": "e613",
      "unicode_decimal": 58899
    },
    {
      "icon_id": "3534818",
      "name": "星",
      "font_class": "xing-",
      "unicode": "e665",
      "unicode_decimal": 58981
    },
    {
      "icon_id": "3583374",
      "name": "微信",
      "font_class": "weixin",
      "unicode": "e62e",
      "unicode_decimal": 58926
    },
    {
      "icon_id": "3734747",
      "name": "微信",
      "font_class": "weixin4",
      "unicode": "e68f",
      "unicode_decimal": 59023
    },
    {
      "icon_id": "4406936",
      "name": "评论",
      "font_class": "pinglun1",
      "unicode": "e60b",
      "unicode_decimal": 58891
    },
    {
      "icon_id": "4494647",
      "name": "写评论",
      "font_class": "xiepinglun1",
      "unicode": "e632",
      "unicode_decimal": 58930
    },
    {
      "icon_id": "5355972",
      "name": "人",
      "font_class": "ren1",
      "unicode": "e64a",
      "unicode_decimal": 58954
    },
    {
      "icon_id": "5491527",
      "name": "差",
      "font_class": "cha",
      "unicode": "e809",
      "unicode_decimal": 59401
    },
    {
      "icon_id": "5532895",
      "name": "评论",
      "font_class": "pinglun2",
      "unicode": "e62f",
      "unicode_decimal": 58927
    },
    {
      "icon_id": "5876884",
      "name": "箭头",
      "font_class": "biaoqing",
      "unicode": "e609",
      "unicode_decimal": 58889
    },
    {
      "icon_id": "5881143",
      "name": "地址",
      "font_class": "dizhi",
      "unicode": "e62d",
      "unicode_decimal": 58925
    },
    {
      "icon_id": "6270980",
      "name": "三角形",
      "font_class": "sanjiaoxing",
      "unicode": "e6bd",
      "unicode_decimal": 59069
    },
    {
      "icon_id": "6366905",
      "name": "客服",
      "font_class": "kefu1",
      "unicode": "e610",
      "unicode_decimal": 58896
    },
    {
      "icon_id": "6778514",
      "name": "对号",
      "font_class": "duihao",
      "unicode": "e614",
      "unicode_decimal": 58900
    },
    {
      "icon_id": "6883454",
      "name": "写点评",
      "font_class": "xiedianping",
      "unicode": "e637",
      "unicode_decimal": 58935
    },
    {
      "icon_id": "7049365",
      "name": "微信",
      "font_class": "weixin1",
      "unicode": "e601",
      "unicode_decimal": 58881
    },
    {
      "icon_id": "7179838",
      "name": "圆",
      "font_class": "yuan",
      "unicode": "e60e",
      "unicode_decimal": 58894
    },
    {
      "icon_id": "7192329",
      "name": "心",
      "font_class": "xin",
      "unicode": "e60c",
      "unicode_decimal": 58892
    },
    {
      "icon_id": "7556175",
      "name": "用户",
      "font_class": "yonghu1",
      "unicode": "e603",
      "unicode_decimal": 58883
    },
    {
      "icon_id": "7762086",
      "name": "用户",
      "font_class": "yonghu2",
      "unicode": "e625",
      "unicode_decimal": 58917
    },
    {
      "icon_id": "7774564",
      "name": "写",
      "font_class": "xie",
      "unicode": "e607",
      "unicode_decimal": 58887
    },
    {
      "icon_id": "8775539",
      "name": "省略号",
      "font_class": "shenglvehao1",
      "unicode": "e611",
      "unicode_decimal": 58897
    },
    {
      "icon_id": "9357489",
      "name": "微信",
      "font_class": "weixin2",
      "unicode": "e612",
      "unicode_decimal": 58898
    },
    {
      "icon_id": "9512701",
      "name": "加号",
      "font_class": "add-fill",
      "unicode": "e644",
      "unicode_decimal": 58948
    },
    {
      "icon_id": "10223649",
      "name": "微信",
      "font_class": "weixin3",
      "unicode": "e63b",
      "unicode_decimal": 58939
    },
    {
      "icon_id": "10296829",
      "name": "购物 车",
      "font_class": "gouwuche",
      "unicode": "e619",
      "unicode_decimal": 58905
    },
    {
      "icon_id": "10521070",
      "name": "想读",
      "font_class": "xiangdu",
      "unicode": "e62a",
      "unicode_decimal": 58922
    },
    {
      "icon_id": "10577504",
      "name": "支付宝",
      "font_class": "zhifubao",
      "unicode": "e622",
      "unicode_decimal": 58914
    },
    {
      "icon_id": "10721328",
      "name": "星",
      "font_class": "xing1",
      "unicode": "e635",
      "unicode_decimal": 58933
    },
    {
      "icon_id": "11474198",
      "name": "arrow-right",
      "font_class": "arrow-right",
      "unicode": "e6eb",
      "unicode_decimal": 59115
    },
    {
      "icon_id": "11665567",
      "name": "home",
      "font_class": "shouye",
      "unicode": "e606",
      "unicode_decimal": 58886
    }
  ]
}
